frame,player.id.skillcorner,pass.recipient.id.skillcorner,location.x,location.y,pass.endLocation.x,pass.endLocation.y,dxt,responsibility
45016,10738,3837,-4.235294117647058,-11.604444444444445,-1.058823529411768,20.16,-0.0028963562795943,0.42363860737429515
45059,3837,14407,-1.058823529411768,20.16,18.0,18.326666666666668,-0.005402385452219999,0.3753886271906019
49586,24466,2106,16.941176470588232,14.66,6.352941176470587,4.227692307692307,0.0032403342874249004,0.07436247591614664
49605,2106,10738,6.352941176470587,4.227692307692307,7.411764705882348,-7.750769230769231,-0.00044886239854580005,0.12913762253453184
50146,14407,10738,6.352941176470587,16.493333333333332,9.529411764705884,-12.826666666666668,-0.0007500182465599997,0.7266849454952332
52013,2106,12654,4.235294117647058,4.932307692307693,-12.705882352941174,25.258947368421055,0.0076302790918841,0.09386987517968247
55974,14397,10738,7.411764705882348,23.073684210526316,14.82352941176471,-16.493333333333332,-0.0014456638087993997,0.2550461506325604
56757,14397,10738,-6.352941176470587,23.802105263157895,10.588235294117652,-7.046153846153846,-0.0052425318562492,0.49027748314798886
56790,2106,7863,4.235294117647058,4.932307692307693,-1.058823529411768,-22.345263157894735,0.0008915275578539007,0.06751187179800412
