frame,player.id.skillcorner,pass.recipient.id.skillcorner,location.x,location.y,pass.endLocation.x,pass.endLocation.y,dxt,responsibility
55974,14397,10738,7.411764705882348,23.073684210526316,14.82352941176471,-16.493333333333332,-0.0014456638087993997,0.0255590027200025
56099,10738,24466,8.470588235294116,-19.54888888888889,12.705882352941174,4.932307692307693,-0.0008551735128957006,0.4935391292690243
56130,24466,10738,12.705882352941174,4.932307692307693,4.235294117647058,-19.54888888888889,0.0021200038959526,0.5732204681865988
56790,2106,7863,4.235294117647058,4.932307692307693,-1.058823529411768,-22.345263157894735,0.0008915275578539007,0.18351214444902436
